id,first_name,last_name,email,city,state,country
1,Gibbie,Luckwell,gluckwell0@hhs.gov,Shawnee Mission,Kansas,United States
2,Benton,Stark,bstark1@storify.com,San Diego,California,United States
3,Bren,Monkman,bmonkman2@t-online.de,Arlington,Texas,United States
4,Lynde,Assur,lassur3@who.int,Charlottesville,Virginia,United States
5,Janka,Huey,jhuey4@arstechnica.com,Grand Rapids,Michigan,United States
6,Joeann,Kyneton,jkyneton5@boston.com,Escondido,California,United States
7,Tyrone,Surgood,tsurgood6@earthlink.net,Colorado Springs,Colorado,United States
8,Ashbey,Woolhouse,awoolhouse7@vistaprint.com,Wilmington,North Carolina,United States
9,Zacharie,Teacy,zteacy8@yahoo.com,Fresno,California,United States
10,Joya,Petts,jpetts9@plala.or.jp,Sacramento,California,United States
11,Tristan,Summerfield,tsummerfielda@alexa.com,Greeley,Colorado,United States
12,Dacia,Bedell,dbedellb@bbc.co.uk,Providence,Rhode Island,United States
13,Enid,Windus,ewindusc@google.co.uk,Idaho Falls,Idaho,United States
14,Dorice,Eakin,deakind@java.com,Omaha,Nebraska,United States
15,Candra,Trownson,ctrownsone@ftc.gov,Richmond,Virginia,United States
16,Consolata,Graben,cgrabenf@usda.gov,San Diego,California,United States
17,Kipp,Murrthum,kmurrthumg@bbb.org,Salt Lake City,Utah,United States
18,Shepperd,Grindle,sgrindleh@wiley.com,Orlando,Florida,United States
19,Mal,Broschek,mbroscheki@instagram.com,Sterling,Virginia,United States
20,Whitman,Caddan,wcaddanj@who.int,Los Angeles,California,United States
21,Dennison,Kleinbaum,dkleinbaumk@angelfire.com,Carol Stream,Illinois,United States
22,Barney,Cannavan,bcannavanl@pcworld.com,Northridge,California,United States
23,Janine,Ricket,jricketm@so-net.ne.jp,Los Angeles,California,United States
24,Barby,Londesborough,blondesboroughn@ow.ly,Vancouver,Washington,United States
25,Kizzee,Doran,kdorano@bizjournals.com,Oklahoma City,Oklahoma,United States
26,Ulrikaumeko,Letts,ulettsp@ft.com,Miami,Florida,United States
27,Grannie,Rickardsson,grickardssonq@sfgate.com,Nashville,Tennessee,United States
28,Phedra,Hartropp,phartroppr@soup.io,Dallas,Texas,United States
29,Zacharia,Onn,zonns@ca.gov,Worcester,Massachusetts,United States
30,Cathy,Dowdle,cdowdlet@ft.com,Portland,Oregon,United States
31,Heidi,Costen,hcostenu@ucla.edu,Pasadena,California,United States
32,Arnaldo,Klosges,aklosgesv@cargocollective.com,Peoria,Illinois,United States
33,Nanny,O'Donnell,nodonnellw@tumblr.com,Sacramento,California,United States
34,Ashley,Mayger,amaygerx@youku.com,Evansville,Indiana,United States
35,Petronille,Baigent,pbaigenty@hexun.com,New Orleans,Louisiana,United States
36,Lynnett,Cossom,lcossomz@newyorker.com,Jacksonville,Florida,United States
37,Keri,Loutheane,kloutheane10@engadget.com,Tampa,Florida,United States
38,Maurene,Heinl,mheinl11@nyu.edu,Detroit,Michigan,United States
39,Ange,Thorington,athorington12@state.gov,Sacramento,California,United States
40,Tan,Boud,tboud13@engadget.com,San Bernardino,California,United States
41,Ysabel,Rzehor,yrzehor14@meetup.com,Pittsburgh,Pennsylvania,United States
42,Elvera,Toombs,etoombs15@yahoo.co.jp,Washington,District of Columbia,United States
43,Judi,Cotesford,jcotesford16@miitbeian.gov.cn,El Paso,Texas,United States
44,Whitney,Crozier,wcrozier17@cyberchimps.com,Helena,Montana,United States
45,Lishe,Willoughey,lwilloughey18@free.fr,Washington,District of Columbia,United States
46,Jeanna,Gierek,jgierek19@uol.com.br,Miami,Florida,United States
47,Melisse,Dran,mdran1a@comcast.net,Orlando,Florida,United States
48,Wolfie,McCallister,wmccallister1b@mediafire.com,Springfield,Illinois,United States
49,Codi,Lanigan,clanigan1c@pen.io,Springfield,Missouri,United States
50,Thomasin,Jeannin,tjeannin1d@newyorker.com,Seattle,Washington,United States
51,Sosanna,Farrall,sfarrall1e@shinystat.com,New Orleans,Louisiana,United States
52,Miof mela,Iveans,miveans1f@unc.edu,El Paso,Texas,United States
53,York,Rainey,yrainey1g@digg.com,Glendale,California,United States
54,Ashla,Felder,afelder1h@utexas.edu,Montgomery,Alabama,United States
55,Arri,Kynder,akynder1i@indiegogo.com,Springfield,Ohio,United States
56,Gui,Curgenven,gcurgenven1j@thetimes.co.uk,Minneapolis,Minnesota,United States
57,Sam,Andrez,sandrez1k@storify.com,Chicago,Illinois,United States
58,Karoly,Jackalin,kjackalin1l@abc.net.au,Oklahoma City,Oklahoma,United States
59,Ignazio,Toulamain,itoulamain1m@globo.com,Las Vegas,Nevada,United States
60,Laurene,Cluderay,lcluderay1n@xrea.com,Macon,Georgia,United States
61,Jeanna,Ferns,jferns1o@marriott.com,Las Vegas,Nevada,United States
62,Alric,Melendez,amelendez1p@chicagotribune.com,Santa Ana,California,United States
63,Phillipp,Hughes,phughes1q@microsoft.com,Charlotte,North Carolina,United States
64,Linnea,Wakes,lwakes1r@issuu.com,North Hollywood,California,United States
65,Clyve,Dominichetti,cdominichetti1s@dailymail.co.uk,Honolulu,Hawaii,United States
66,Dom,Guinane,dguinane1t@devhub.com,New York City,New York,United States
67,Alvie,Perton,aperton1u@illinois.edu,Hicksville,New York,United States
68,Cristian,Shipperbottom,cshipperbottom1v@wp.com,Jacksonville,Florida,United States
69,Kellia,Kettles,kkettles1w@so-net.ne.jp,Fort Worth,Texas,United States
70,Johannah,Virgoe,jvirgoe1x@scientificamerican.com,San Diego,California,United States
71,Demetris,Beardsell,dbeardsell1y@wikimedia.org,Fort Worth,Texas,United States
72,Janice,Flute,jflute1z@freewebs.com,Albuquerque,New Mexico,United States
73,Dud,Chatainier,dchatainier20@ibm.com,Jacksonville,Florida,United States
74,Maxi,Stringman,mstringman21@youku.com,Brooklyn,New York,United States
75,Martha,McGilleghole,mmcgilleghole22@t.co,Boca Raton,Florida,United States
76,Augusta,Lockhead,alockhead23@oakley.com,Amarillo,Texas,United States
77,Mayer,Bertson,mbertson24@intel.com,Dallas,Texas,United States
78,Mathilde,Kerrigan,mkerrigan25@independent.co.uk,Dayton,Ohio,United States
79,Glynis,Pero,gpero26@apache.org,Phoenix,Arizona,United States
80,Sven,Ellerbeck,sellerbeck27@taobao.com,Grand Rapids,Michigan,United States
81,Lucienne,Dovidian,ldovidian28@merriam-webster.com,Fresno,California,United States
82,Gav,Kimbell,gkimbell29@freewebs.com,Seattle,Washington,United States
83,Trey,Naper,tnaper2a@technorati.com,Minneapolis,Minnesota,United States
84,Cristobal,Roblett,croblett2b@arstechnica.com,Newark,New Jersey,United States
85,Bordy,Effaunt,beffaunt2c@cornell.edu,Tulsa,Oklahoma,United States
86,Verina,Bille,vbille2d@com.com,Birmingham,Alabama,United States
87,Jennifer,Brockman,jbrockman2e@samsung.com,Roanoke,Virginia,United States
88,Heddie,De Cruz,hdecruz2f@disqus.com,Milwaukee,Wisconsin,United States
89,Trescha,Colloby,tcolloby2g@etsy.com,Albany,New York,United States
90,Teodorico,Garken,tgarken2h@hatena.ne.jp,Macon,Georgia,United States
91,Sherry,Scarse,sscarse2i@adobe.com,Atlanta,Georgia,United States
92,Althea,Witcombe,awitcombe2j@unicef.org,Panama City,Florida,United States
93,Milton,Wrigley,mwrigley2k@xrea.com,Lincoln,Nebraska,United States
94,Bogart,Shayler,bshayler2l@cafepress.com,Long Beach,California,United States
95,Tootsie,Pude,tpude2m@shutterfly.com,Norwalk,Connecticut,United States
96,Kevina,Worsnop,kworsnop2n@google.de,Virginia Beach,Virginia,United States
97,Xenia,Emby,xemby2o@bloomberg.com,Winter Haven,Florida,United States
98,Sabina,Margaret,smargaret2p@accuweather.com,Inglewood,California,United States
99,Aurel,Gillon,agillon2q@alexa.com,Denver,Colorado,United States
100,Imogene,Mayell,imayell2r@ocn.ne.jp,Amarillo,Texas,United States
101,Aila,Manclark,amanclark2s@newsvine.com,South Bend,Indiana,United States
102,Cindie,Blackah,cblackah2t@prweb.com,Oxnard,California,United States
103,Magdalena,Kenlin,mkenlin2u@rediff.com,Orlando,Florida,United States
104,Nicol,Fosdyke,nfosdyke2v@hubpages.com,Syracuse,New York,United States
105,Elise,Kyncl,ekyncl2w@github.io,Topeka,Kansas,United States
106,Bridgette,Silberschatz,bsilberschatz2x@themeforest.net,Minneapolis,Minnesota,United States
107,Agace,Stobart,astobart2y@bing.com,Cincinnati,Ohio,United States
108,Brian,Shall,bshall2z@jugem.jp,Miami,Florida,United States
109,Jacquelyn,Gippes,jgippes30@sakura.ne.jp,Fargo,North Dakota,United States
110,Malynda,Thurgood,mthurgood31@discuz.net,Montpelier,Vermont,United States
111,Ediva,Moodie,emoodie32@cargocollective.com,Metairie,Louisiana,United States
112,Dolores,Tarney,dtarney33@reference.com,Virginia Beach,Virginia,United States
113,Adelina,Merveille,amerveille34@gov.uk,Mobile,Alabama,United States
114,Miquela,Andrysiak,mandrysiak35@discovery.com,Gatesville,Texas,United States
115,Hetty,Burgyn,hburgyn36@stumbleupon.com,Decatur,Illinois,United States
116,Allin,Huleatt,ahuleatt37@omniture.com,Fort Worth,Texas,United States
117,Randell,MacGille,rmacgille38@indiegogo.com,San Bernardino,California,United States
118,Dulci,Ivantyev,divantyev39@indiatimes.com,Buffalo,New York,United States
119,Nichole,Thacke,nthacke3a@phpbb.com,Riverside,California,United States
120,Dimitry,Foster,dfoster3b@yelp.com,Kansas City,Missouri,United States
121,Yalonda,Hassur,yhassur3c@twitpic.com,Tyler,Texas,United States
122,Taffy,Kellett,tkellett3d@sphinn.com,South Bend,Indiana,United States
123,Silvester,Kahen,skahen3e@eventbrite.com,Bonita Springs,Florida,United States
124,Katuscha,Harrell,kharrell3f@purevolume.com,Galveston,Texas,United States
125,Axel,Legister,alegister3g@auda.org.au,Fresno,California,United States
126,Kit,Beswetherick,kbeswetherick3h@baidu.com,Saint Louis,Missouri,United States
127,Markus,Grocott,mgrocott3i@hibu.com,Roanoke,Virginia,United States
128,Normie,Coppledike,ncoppledike3j@woothemes.com,Cincinnati,Ohio,United States
129,Ibbie,Oehme,ioehme3k@booking.com,Des Moines,Iowa,United States
130,Winslow,Gremain,wgremain3l@google.com.au,Las Vegas,Nevada,United States
131,Sandra,Vasey,svasey3m@toplist.cz,Greenville,South Carolina,United States
132,Dory,Richold,drichold3n@facebook.com,Miami,Florida,United States
133,Tallulah,Rijkeseis,trijkeseis3o@360.cn,Gary,Indiana,United States
134,Clerkclaude,Manueau,cmanueau3p@wix.com,Columbus,Georgia,United States
135,Emmi,Skittrall,eskittrall3q@liveinternet.ru,Austin,Texas,United States
136,Carlina,Carnachen,ccarnachen3r@elegantthemes.com,Baton Rouge,Louisiana,United States
137,Inessa,McGrail,imcgrail3s@vk.com,San Jose,California,United States
138,Cassandra,McLernon,cmclernon3t@princeton.edu,Salem,Oregon,United States
139,Joshuah,Burtwhistle,jburtwhistle3u@dmoz.org,Flushing,New York,United States
140,Peter,Aggott,paggott3v@pinterest.com,Miami,Florida,United States
141,Dinny,Caff,dcaff3w@hp.com,Kansas City,Missouri,United States
142,Demetris,Pleaden,dpleaden3x@ifeng.com,Hartford,Connecticut,United States
143,Cale,McGrale,cmcgrale3y@reuters.com,Odessa,Texas,United States
144,Philip,Tonsley,ptonsley3z@yahoo.com,Phoenix,Arizona,United States
145,Cobbie,Heephy,cheephy40@ucsd.edu,Chula Vista,California,United States
146,Dela,Filchagin,dfilchagin41@army.mil,Lexington,Kentucky,United States
147,Leticia,Sherrett,lsherrett42@hostgator.com,Waterloo,Iowa,United States
148,Berenice,Pitney,bpitney43@opera.com,Cleveland,Ohio,United States
149,Veronika,Edess,vedess44@typepad.com,Saint Cloud,Minnesota,United States
150,Andreas,Harston,aharston45@mashable.com,Augusta,Georgia,United States
151,Uri,Plastow,uplastow46@ibm.com,Seattle,Washington,United States
152,Darin,Darracott,ddarracott47@hostgator.com,San Luis Obispo,California,United States
153,Martguerita,Delap,mdelap48@desdev.cn,Dallas,Texas,United States
154,Mellicent,Krienke,mkrienke49@amazon.de,Frankfort,Kentucky,United States
155,Jennifer,Midford,jmidford4a@cafepress.com,Washington,District of Columbia,United States
156,Leonerd,Jeppensen,ljeppensen4b@feedburner.com,Lawrenceville,Georgia,United States
157,Corbett,Fingleton,cfingleton4c@samsung.com,Ogden,Utah,United States
158,Maurizio,Gellan,mgellan4d@shareasale.com,Newport News,Virginia,United States
159,Horatia,MacEvilly,hmacevilly4e@g.co,Minneapolis,Minnesota,United States
160,Felita,Lilian,flilian4f@i2i.jp,Orlando,Florida,United States
161,Hagan,Campana,hcampana4g@ed.gov,Syracuse,New York,United States
162,Griffin,Peron,gperon4h@cyberchimps.com,Houston,Texas,United States
163,Katrina,Golland,kgolland4i@berkeley.edu,El Paso,Texas,United States
164,Ciel,Songist,csongist4j@sina.com.cn,Naples,Florida,United States
165,Pepi,Gibbard,pgibbard4k@drupal.org,Miami,Florida,United States
166,Gay,Rummer,grummer4l@feedburner.com,Charlotte,North Carolina,United States
167,Filbert,Padgham,fpadgham4m@canalblog.com,Erie,Pennsylvania,United States
168,Tamarra,MacBain,tmacbain4n@hugedomains.com,Honolulu,Hawaii,United States
169,Joy,Chiese,jchiese4o@google.cn,Tucson,Arizona,United States
170,Raviv,Tankin,rtankin4p@squarespace.com,Birmingham,Alabama,United States
171,Kermie,Stewart,kstewart4q@cornell.edu,Yonkers,New York,United States
172,Paulie,Dayment,pdayment4r@flickr.com,Portland,Oregon,United States
173,Gallagher,Burstow,gburstow4s@uiuc.edu,Akron,Ohio,United States
174,Laurent,Bocock,lbocock4t@twitter.com,Tampa,Florida,United States
175,Arlina,Wasteney,awasteney4u@earthlink.net,El Paso,Texas,United States
176,Maxwell,Lowder,mlowder4v@earthlink.net,Tampa,Florida,United States
177,Titos,Kunzler,tkunzler4w@miibeian.gov.cn,Flint,Michigan,United States
178,Lydia,Pawsey,lpawsey4x@who.int,Falls Church,Virginia,United States
179,Luigi,Mepham,lmepham4y@zdnet.com,San Antonio,Texas,United States
180,Elianora,Switzer,eswitzer4z@globo.com,Charlotte,North Carolina,United States
181,Rayner,Jedrzejczak,rjedrzejczak50@desdev.cn,Wichita,Kansas,United States
182,Gabbi,Olliff,golliff51@fastcompany.com,Pittsburgh,Pennsylvania,United States
183,Emmy,Godden,egodden52@about.me,Washington,District of Columbia,United States
184,Maren,Hanington,mhanington53@irs.gov,Duluth,Minnesota,United States
185,Anthiathia,Ivamy,aivamy54@cyberchimps.com,San Diego,California,United States
186,Aaren,Hamshaw,ahamshaw55@123-reg.co.uk,Shawnee Mission,Kansas,United States
187,Thomasine,Bercher,tbercher56@geocities.jp,San Diego,California,United States
188,Elsworth,Dimitrescu,edimitrescu57@wikia.com,Buffalo,New York,United States
189,Lynnea,Callender,lcallender58@elegantthemes.com,Oklahoma City,Oklahoma,United States
190,Marshall,Road,mroad59@friendfeed.com,Baton Rouge,Louisiana,United States
191,Diahann,Derobert,dderobert5a@yolasite.com,Charleston,South Carolina,United States
192,Peter,Borel,pborel5b@mediafire.com,Shawnee Mission,Kansas,United States
193,Brien,Slack,bslack5c@prweb.com,Houston,Texas,United States
194,Adrianna,Wooldridge,awooldridge5d@microsoft.com,Tallahassee,Florida,United States
195,Ryun,Whitten,rwhitten5e@discovery.com,Hartford,Connecticut,United States
196,Basil,Awde,bawde5f@posterous.com,San Jose,California,United States
197,Aubine,Minero,aminero5g@upenn.edu,Longview,Texas,United States
198,Steffen,Demoge,sdemoge5h@elpais.com,San Diego,California,United States
199,Portia,Underwood,punderwood5i@google.es,Omaha,Nebraska,United States
200,Elden,Sans,esans5j@independent.co.uk,Scottsdale,Arizona,United States
201,Philippa,Bracchi,pbracchi5k@usnews.com,San Francisco,California,United States
202,Wenonah,Hurrion,whurrion5l@toplist.cz,Oakland,California,United States
203,Jenn,Cowerd,jcowerd5m@nytimes.com,Schenectady,New York,United States
204,Jory,Sobczak,jsobczak5n@so-net.ne.jp,Tulsa,Oklahoma,United States
205,Gaultiero,Wilshin,gwilshin5o@microsoft.com,Raleigh,North Carolina,United States
206,Erminie,Rendell,erendell5p@sciencedirect.com,Minneapolis,Minnesota,United States
207,Germain,Fydo,gfydo5q@omniture.com,Huntington,West Virginia,United States
208,Chloette,Casiero,ccasiero5r@t-online.de,Charleston,West Virginia,United States
209,Allyn,Black,ablack5s@discuz.net,Atlanta,Georgia,United States
210,Hyacinthie,Scudamore,hscudamore5t@example.com,El Paso,Texas,United States
211,Hamilton,Jellico,hjellico5u@indiegogo.com,San Antonio,Texas,United States
212,Gusty,Blazic,gblazic5v@nifty.com,Colorado Springs,Colorado,United States
213,Morse,Thiolier,mthiolier5w@google.com.au,Austin,Texas,United States
214,Rosalinde,Summerley,rsummerley5x@shareasale.com,Lansing,Michigan,United States
215,Nehemiah,Donald,ndonald5y@addtoany.com,Chandler,Arizona,United States
216,Michele,Dockree,mdockree5z@blogs.com,Kansas City,Missouri,United States
217,Elita,Stubbings,estubbings60@ft.com,Oakland,California,United States
218,Shir,Martt,smartt61@mysql.com,Washington,District of Columbia,United States
219,Christean,Scarsbrooke,cscarsbrooke62@weather.com,Santa Monica,California,United States
220,Rosabella,Tate,rtate63@tamu.edu,Madison,Wisconsin,United States
221,Ronnie,Pechacek,rpechacek64@sciencedaily.com,Honolulu,Hawaii,United States
222,Thadeus,Leyrroyd,tleyrroyd65@senate.gov,San Rafael,California,United States
223,Vassily,Cattanach,vcattanach66@washington.edu,Waterloo,Iowa,United States
224,Irene,Mosedale,imosedale67@surveymonkey.com,Springfield,Illinois,United States
225,Rey,Maydwell,rmaydwell68@seattletimes.com,Springfield,Massachusetts,United States
226,Beniamino,Purle,bpurle69@mozilla.org,Birmingham,Alabama,United States
227,Uriel,Messruther,umessruther6a@earthlink.net,Saint Louis,Missouri,United States
228,Dela,Syvret,dsyvret6b@stumbleupon.com,Plano,Texas,United States
229,Briggs,Redshaw,bredshaw6c@yale.edu,Baton Rouge,Louisiana,United States
230,Keir,Ambrogelli,kambrogelli6d@hugedomains.com,New York City,New York,United States
231,Vyky,Carous,vcarous6e@livejournal.com,Fredericksburg,Virginia,United States
232,Chickie,Oldford,coldford6f@washington.edu,Oklahoma City,Oklahoma,United States
233,Nelie,Sowten,nsowten6g@eepurl.com,Atlanta,Georgia,United States
234,Anica,Bannon,abannon6h@alexa.com,Fresno,California,United States
235,Patrizio,Mauro,pmauro6i@de.vu,Rochester,New York,United States
236,Valerie,Gerrit,vgerrit6j@flickr.com,San Bernardino,California,United States
237,Arnuad,Whistan,awhistan6k@ft.com,New York City,New York,United States
238,Moritz,Haug,mhaug6l@behance.net,Houston,Texas,United States
239,Morna,Paolazzi,mpaolazzi6m@instagram.com,Fayetteville,North Carolina,United States
240,Joshuah,Ambrois,jambrois6n@craigslist.org,Washington,District of Columbia,United States
241,Cort,Hurtado,churtado6o@buzzfeed.com,Columbia,South Carolina,United States
242,Geoffry,Camilleri,gcamilleri6p@ebay.co.uk,Tuscaloosa,Alabama,United States
243,Nedi,Silly,nsilly6q@tmall.com,Tacoma,Washington,United States
244,Even,Gregson,egregson6r@toplist.cz,Saint Louis,Missouri,United States
245,Poppy,Shire,pshire6s@odnoklassniki.ru,Atlanta,Georgia,United States
246,Carmina,Linck,clinck6t@mayoclinic.com,Richmond,Virginia,United States
247,Elihu,Camplejohn,ecamplejohn6u@blogger.com,Santa Monica,California,United States
248,Melisent,Crilley,mcrilley6v@fastcompany.com,Birmingham,Alabama,United States
249,Myra,Ousby,mousby6w@amazon.de,Lexington,Kentucky,United States
250,Sebastiano,Canfer,scanfer6x@instagram.com,Santa Barbara,California,United States
251,Gardy,Maidlow,gmaidlow6y@independent.co.uk,Washington,District of Columbia,United States
252,Gertrude,Huie,ghuie6z@amazon.com,New Haven,Connecticut,United States
253,Ardith,Monnery,amonnery70@sun.com,Shawnee Mission,Kansas,United States
254,Deloria,De Launde,ddelaunde71@china.com.cn,Tempe,Arizona,United States
255,Simon,Bravey,sbravey72@hhs.gov,Boston,Massachusetts,United States
256,Rozanne,Andrewartha,randrewartha73@1und1.de,Buffalo,New York,United States
257,Trey,Crichten,tcrichten74@miitbeian.gov.cn,Duluth,Georgia,United States
258,Keir,Mingaud,kmingaud75@scientificamerican.com,Cincinnati,Ohio,United States
259,Lorens,Gledhall,lgledhall76@dot.gov,Waterbury,Connecticut,United States
260,Devin,Sighart,dsighart77@ask.com,Gadsden,Alabama,United States
261,Judd,Cassell,jcassell78@cloudflare.com,Port Washington,New York,United States
262,Moss,Vellden,mvellden79@xrea.com,Des Moines,Iowa,United States
263,Cori,Mavin,cmavin7a@jalbum.net,Sioux City,Iowa,United States
264,Kienan,Lobley,klobley7b@dion.ne.jp,Alexandria,Louisiana,United States
265,Bertie,Bulward,bbulward7c@furl.net,Naples,Florida,United States
266,Clemens,Scholler,cscholler7d@cdbaby.com,Harrisburg,Pennsylvania,United States
267,Chadd,Dearl,cdearl7e@imgur.com,Chicago,Illinois,United States
268,Ewen,Gowenlock,egowenlock7f@geocities.jp,Atlanta,Georgia,United States
269,Noby,Dibdale,ndibdale7g@sitemeter.com,Columbus,Ohio,United States
270,Benjamin,Bailes,bbailes7h@ucsd.edu,Oakland,California,United States
271,Cele,Glozman,cglozman7i@forbes.com,Rochester,New York,United States
272,Deeyn,Walhedd,dwalhedd7j@cam.ac.uk,San Bernardino,California,United States
273,Annissa,Noirel,anoirel7k@scientificamerican.com,Mount Vernon,New York,United States
274,Marthe,Eickhoff,meickhoff7l@aol.com,Atlanta,Georgia,United States
275,Mose,Sellar,msellar7m@berkeley.edu,New York City,New York,United States
276,Danell,Bonnin,dbonnin7n@imgur.com,Bronx,New York,United States
277,Merrill,Neiland,mneiland7o@wiley.com,Toledo,Ohio,United States
278,Willyt,Testin,wtestin7p@storify.com,New Orleans,Louisiana,United States
279,Fredric,Deverille,fdeverille7q@behance.net,Memphis,Tennessee,United States
280,Charla,Culleton,cculleton7r@mit.edu,Glendale,Arizona,United States
281,Kittie,Baffin,kbaffin7s@cdc.gov,Jefferson City,Missouri,United States
282,Beverlee,Gerger,bgerger7t@wikia.com,Kissimmee,Florida,United States
283,Carmella,Fencott,cfencott7u@freewebs.com,Miami,Florida,United States
284,Krystal,Bohills,kbohills7v@blog.com,Arlington,Virginia,United States
285,Janaya,Philpotts,jphilpotts7w@fotki.com,Miami,Florida,United States
286,Ric,Kinset,rkinset7x@nydailynews.com,Gadsden,Alabama,United States
287,Gaylene,Preston,gpreston7y@weather.com,Youngstown,Ohio,United States
288,Jeremie,Van Hesteren,jvanhesteren7z@hibu.com,Shreveport,Louisiana,United States
289,Kelci,Verrico,kverrico80@hubpages.com,Erie,Pennsylvania,United States
290,Brittni,Shill,bshill81@nature.com,Lansing,Michigan,United States
291,Moreen,Williscroft,mwilliscroft82@sohu.com,Memphis,Tennessee,United States
292,Christie,Mote,cmote83@unc.edu,Athens,Georgia,United States
293,Nataniel,Dunnion,ndunnion84@yale.edu,Pasadena,California,United States
294,Jeddy,Haldenby,jhaldenby85@gnu.org,Decatur,Georgia,United States
295,Clovis,Corking,ccorking86@youku.com,Dayton,Ohio,United States
296,Rani,Ellum,rellum87@homestead.com,Washington,District of Columbia,United States
297,Jarrad,Hayhurst,jhayhurst88@businessweek.com,Los Angeles,California,United States
298,Lani,Hubbucks,lhubbucks89@deviantart.com,Chattanooga,Tennessee,United States
299,Beatrisa,Petel,bpetel8a@blogtalkradio.com,Baltimore,Maryland,United States
300,Maure,Leming,mleming8b@jimdo.com,Orlando,Florida,United States
301,Henrietta,Croome,hcroome8c@seattletimes.com,Ashburn,Virginia,United States
302,Jameson,Kroon,jkroon8d@gmpg.org,Wichita,Kansas,United States
303,Lorrayne,Baly,lbaly8e@privacy.gov.au,Escondido,California,United States
304,Constancy,Hamlet,chamlet8f@army.mil,Kansas City,Missouri,United States
305,Mada,Frensch,mfrensch8g@tuttocitta.it,El Paso,Texas,United States
306,Pauline,Kulas,pkulas8h@ycombinator.com,Tampa,Florida,United States
307,Emmet,Renon,erenon8i@stumbleupon.com,Seattle,Washington,United States
308,Tami,Sawers,tsawers8j@tumblr.com,Indianapolis,Indiana,United States
309,Richie,Jarrad,rjarrad8k@hexun.com,Anchorage,Alaska,United States
310,Brendin,Foggo,bfoggo8l@xing.com,Shreveport,Louisiana,United States
311,Ardath,Almeida,aalmeida8m@last.fm,Fort Pierce,Florida,United States
312,Maureene,Jerrold,mjerrold8n@simplemachines.org,Eugene,Oregon,United States
313,Hazel,Gibling,hgibling8o@nymag.com,Washington,District of Columbia,United States
314,Angelia,Sleep,asleep8p@cbc.ca,Spokane,Washington,United States
315,Filbert,Andryszczak,fandryszczak8q@smh.com.au,Tampa,Florida,United States
316,Darby,Presswell,dpresswell8r@ihg.com,Washington,District of Columbia,United States
317,Lorenza,Aliman,laliman8s@symantec.com,Memphis,Tennessee,United States
318,Kipp,Thorrington,kthorrington8t@github.io,Austin,Texas,United States
319,Sergei,Loutheane,sloutheane8u@weather.com,Washington,District of Columbia,United States
320,Jere,MacRierie,jmacrierie8v@state.gov,Lansing,Michigan,United States
321,Sher,Cardinal,scardinal8w@weibo.com,Washington,District of Columbia,United States
322,Silvana,Scrowby,sscrowby8x@unblog.fr,Sacramento,California,United States
323,Ruperta,Egle of Germany,regleofgermany8y@miibeian.gov.cn,Anaheim,California,United States
324,Sula,Revie,srevie8z@dailymail.co.uk,Philadelphia,Pennsylvania,United States
325,Mordy,Thiolier,mthiolier90@parallels.com,Dayton,Ohio,United States
326,Werner,Stokell,wstokell91@nba.com,Everett,Washington,United States
327,Carroll,Witard,cwitard92@cafepress.com,Washington,District of Columbia,United States
328,York,Bolsteridge,ybolsteridge93@archive.org,Honolulu,Hawaii,United States
329,Michale,Majury,mmajury94@china.com.cn,Reno,Nevada,United States
330,Herby,Frowing,hfrowing95@reddit.com,Montgomery,Alabama,United States
331,Marsha,Westhead,mwesthead96@google.de,Charlotte,North Carolina,United States
332,Linet,Rance,lrance97@wisc.edu,Albany,New York,United States
333,Donnie,Ladyman,dladyman98@examiner.com,Staten Island,New York,United States
334,Kandy,Rebichon,krebichon99@liveinternet.ru,Lafayette,Indiana,United States
335,Regen,Hawkswell,rhawkswell9a@eventbrite.com,Spring Hill,Florida,United States
336,Ericka,Boddis,eboddis9b@skyrock.com,Huntington,West Virginia,United States
337,Dasha,Frede,dfrede9c@loc.gov,Levittown,Pennsylvania,United States
338,Tucky,Cherry Holme,tcherryholme9d@alibaba.com,Carlsbad,California,United States
339,Saree,McNeish,smcneish9e@barnesandnoble.com,Louisville,Kentucky,United States
340,Wanids,Fryer,wfryer9f@lycos.com,Jacksonville,Florida,United States
341,Manny,Jarret,mjarret9g@npr.org,Amarillo,Texas,United States
342,Burnard,Piercy,bpiercy9h@spotify.com,Little Rock,Arkansas,United States
343,Franny,Cundey,fcundey9i@technorati.com,Chandler,Arizona,United States
344,Euphemia,MacSweeney,emacsweeney9j@blogspot.com,Anaheim,California,United States
345,Mathew,Hurler,mhurler9k@marriott.com,Irvine,California,United States
346,Sibelle,Kase,skase9l@instagram.com,Frankfort,Kentucky,United States
347,Matthiew,Aneley,maneley9m@yale.edu,Dallas,Texas,United States
348,Bertine,Stather,bstather9n@go.com,Washington,District of Columbia,United States
349,Josy,Guerri,jguerri9o@is.gd,Denver,Colorado,United States
350,Archaimbaud,Pickworth,apickworth9p@ihg.com,Largo,Florida,United States
351,Cindy,Rawood,crawood9q@arstechnica.com,Lima,Ohio,United States
352,Ethelred,McBoyle,emcboyle9r@bbb.org,Albany,New York,United States
353,Yettie,Matuszynski,ymatuszynski9s@ox.ac.uk,Winston Salem,North Carolina,United States
354,Georas,Leynton,gleynton9t@mashable.com,Birmingham,Alabama,United States
355,Kort,Arnaudi,karnaudi9u@oakley.com,Kansas City,Missouri,United States
356,Adlai,Petzolt,apetzolt9v@xrea.com,Nashville,Tennessee,United States
357,Mitch,Storre,mstorre9w@google.com,Tampa,Florida,United States
358,Kaitlyn,Wagstaffe,kwagstaffe9x@sakura.ne.jp,Concord,California,United States
359,Cherey,Richardt,crichardt9y@myspace.com,Honolulu,Hawaii,United States
360,Mattias,Thorowgood,mthorowgood9z@foxnews.com,Kansas City,Missouri,United States
361,Othilie,Erangey,oerangeya0@macromedia.com,Memphis,Tennessee,United States
362,Hobart,Tapp,htappa1@etsy.com,Reno,Nevada,United States
363,Estevan,Dunklee,edunkleea2@hostgator.com,El Paso,Texas,United States
364,Scott,Veeler,sveelera3@blogtalkradio.com,Reno,Nevada,United States
365,Ira,Sefton,iseftona4@ycombinator.com,Evanston,Illinois,United States
366,Tailor,Sarsfield,tsarsfielda5@netlog.com,Nashville,Tennessee,United States
367,Marcille,Pering,mperinga6@sbwire.com,Washington,District of Columbia,United States
368,Aluin,des Remedios,adesremediosa7@fda.gov,San Jose,California,United States
369,Darryl,Labrow,dlabrowa8@indiatimes.com,Houston,Texas,United States
370,Janet,Booth-Jarvis,jboothjarvisa9@people.com.cn,Charlotte,North Carolina,United States
371,Renado,Pinsent,rpinsentaa@ucoz.ru,Carol Stream,Illinois,United States
372,Marjory,Plewright,mplewrightab@thetimes.co.uk,El Paso,Texas,United States
373,Cchaddie,Quillinane,cquillinaneac@bandcamp.com,Charlotte,North Carolina,United States
374,Garvy,Orehead,goreheadad@google.nl,San Diego,California,United States
375,Chas,Chaunce,cchaunceae@businessweek.com,Huntington,West Virginia,United States
376,Mayne,Mannie,mmannieaf@amazon.co.jp,Jersey City,New Jersey,United States
377,Natala,Masey,nmaseyag@weather.com,Winston Salem,North Carolina,United States
378,Madeline,Rainger,mraingerah@apache.org,Baltimore,Maryland,United States
379,Kerrin,Driuzzi,kdriuzziai@google.de,El Paso,Texas,United States
380,Hercules,Birtwell,hbirtwellaj@i2i.jp,Saint Joseph,Missouri,United States
381,Coretta,Kolak,ckolakak@nifty.com,Scranton,Pennsylvania,United States
382,Batholomew,Deplacido,bdeplacidoal@paginegialle.it,Littleton,Colorado,United States
383,Dorothee,Tellenbach,dtellenbacham@sakura.ne.jp,Orlando,Florida,United States
384,Ignacius,MacNeilley,imacneilleyan@va.gov,Jacksonville,Florida,United States
385,Brit,Skechley,bskechleyao@springer.com,Cleveland,Ohio,United States
386,Laurence,Wetter,lwetterap@nytimes.com,Pittsburgh,Pennsylvania,United States
387,Nahum,Enevold,nenevoldaq@1688.com,Richmond,Virginia,United States
388,Bryn,Brundall,bbrundallar@boston.com,Pensacola,Florida,United States
389,Lynnelle,Hollibone,lholliboneas@technorati.com,Detroit,Michigan,United States
390,Alica,De Bruyne,adebruyneat@bigcartel.com,Charleston,South Carolina,United States
391,Sigismund,Scates,sscatesau@cisco.com,Yakima,Washington,United States
392,Sydney,Kybbye,skybbyeav@altervista.org,Fort Myers,Florida,United States
393,Rebeka,Canceller,rcancelleraw@unicef.org,Sacramento,California,United States
394,Rachelle,Bradshaw,rbradshawax@cpanel.net,Scottsdale,Arizona,United States
395,Elna,Gliddon,egliddonay@myspace.com,Lynchburg,Virginia,United States
396,Cristine,Belch,cbelchaz@e-recht24.de,Lincoln,Nebraska,United States
397,Putnam,Gainsburgh,pgainsburghb0@jimdo.com,Philadelphia,Pennsylvania,United States
398,Claribel,De Few,cdefewb1@discovery.com,Tampa,Florida,United States
399,Debera,Haffenden,dhaffendenb2@liveinternet.ru,Largo,Florida,United States
400,Barnabas,Swaisland,bswaislandb3@amazonaws.com,New Orleans,Louisiana,United States
401,Beret,Rae,braeb4@zimbio.com,Tucson,Arizona,United States
402,Gifford,Pomeroy,gpomeroyb5@oakley.com,Palmdale,California,United States
403,Xena,Rigg,xriggb6@comcast.net,El Paso,Texas,United States
404,Kassandra,Sarll,ksarllb7@ustream.tv,Oklahoma City,Oklahoma,United States
405,Luisa,Bembrigg,lbembriggb8@imdb.com,Clearwater,Florida,United States
406,Pembroke,Pezey,ppezeyb9@4shared.com,Fresno,California,United States
407,Rona,Eagleton,reagletonba@newsvine.com,Knoxville,Tennessee,United States
408,Matti,Swayne,mswaynebb@sun.com,Boise,Idaho,United States
409,Pauli,Davidov,pdavidovbc@ustream.tv,Brooklyn,New York,United States
410,Field,Hillum,fhillumbd@g.co,Saint Petersburg,Florida,United States
411,Pierette,Limming,plimmingbe@blinklist.com,Baton Rouge,Louisiana,United States
412,Philippe,Foulkes,pfoulkesbf@sogou.com,Seattle,Washington,United States
413,Sabra,Worster,sworsterbg@washingtonpost.com,Colorado Springs,Colorado,United States
414,Cornell,Halle,challebh@privacy.gov.au,Atlanta,Georgia,United States
415,Caralie,Barhams,cbarhamsbi@cocolog-nifty.com,New Haven,Connecticut,United States
416,Rois,Rossiter,rrossiterbj@csmonitor.com,Newark,Delaware,United States
417,Ogdon,Proske,oproskebk@dropbox.com,Naples,Florida,United States
418,Lorna,Brody,lbrodybl@friendfeed.com,Scranton,Pennsylvania,United States
419,Myrtie,Norridge,mnorridgebm@jalbum.net,Austin,Texas,United States
420,Abrahan,Dugdale,adugdalebn@technorati.com,Idaho Falls,Idaho,United States
421,Waylen,Kinkaid,wkinkaidbo@oakley.com,Richmond,Virginia,United States
422,Onfre,Kinder,okinderbp@illinois.edu,Scranton,Pennsylvania,United States
423,Laure,Stollman,lstollmanbq@webmd.com,Springfield,Missouri,United States
424,Rorke,Vella,rvellabr@cnet.com,Norwalk,Connecticut,United States
425,Judy,Ricciardo,jricciardobs@nytimes.com,Buffalo,New York,United States
426,Isaac,Dillow,idillowbt@mediafire.com,Green Bay,Wisconsin,United States
427,Arthur,Tschursch,atschurschbu@godaddy.com,Hartford,Connecticut,United States
428,Darby,Castillou,dcastilloubv@opensource.org,Fresno,California,United States
429,Warde,Caird,wcairdbw@123-reg.co.uk,Macon,Georgia,United States
430,Dedie,Chifney,dchifneybx@arstechnica.com,El Paso,Texas,United States
431,Quinn,Childrens,qchildrensby@miitbeian.gov.cn,Norfolk,Virginia,United States
432,Dora,Malpass,dmalpassbz@cmu.edu,Houston,Texas,United States
433,Millard,Senett,msenettc0@mozilla.com,Sacramento,California,United States
434,Roda,Rubrow,rrubrowc1@usgs.gov,Valley Forge,Pennsylvania,United States
435,Nial,Shead,nsheadc2@shop-pro.jp,New Orleans,Louisiana,United States
436,Tara,Andreucci,tandreuccic3@sitemeter.com,Des Moines,Iowa,United States
437,Franny,Mansuer,fmansuerc4@sphinn.com,Tucson,Arizona,United States
438,Ted,Cuttle,tcuttlec5@oaic.gov.au,Hialeah,Florida,United States
439,Glad,Managh,gmanaghc6@harvard.edu,Topeka,Kansas,United States
440,Lauri,David,ldavidc7@google.ca,San Diego,California,United States
441,Pauly,Gyer,pgyerc8@latimes.com,Springfield,Massachusetts,United States
442,Horatio,Lepper,hlepperc9@e-recht24.de,Van Nuys,California,United States
443,Donall,Capon,dcaponca@flickr.com,Pocatello,Idaho,United States
444,Leonerd,Harflete,lharfletecb@blogtalkradio.com,Washington,District of Columbia,United States
445,Elfrieda,Lound,eloundcc@wufoo.com,Morgantown,West Virginia,United States
446,Rhona,Hansberry,rhansberrycd@examiner.com,Cleveland,Ohio,United States
447,Leshia,Nansom,lnansomce@booking.com,Pasadena,California,United States
448,Iorgo,Lochrie,ilochriecf@webmd.com,Austin,Texas,United States
449,Duncan,Cullinane,dcullinanecg@kickstarter.com,Hattiesburg,Mississippi,United States
450,Lianna,Thorley,lthorleych@wufoo.com,Manchester,New Hampshire,United States
451,Baillie,Dorey,bdoreyci@so-net.ne.jp,Atlanta,Georgia,United States
452,Lynna,Cusack,lcusackcj@virginia.edu,Saint Paul,Minnesota,United States
453,Sollie,Vine,svineck@cam.ac.uk,Birmingham,Alabama,United States
454,Lindsey,Caseri,lcasericl@sciencedaily.com,Houston,Texas,United States
455,Grantley,Springham,gspringhamcm@1und1.de,Pensacola,Florida,United States
456,Jerrold,Hartrick,jhartrickcn@1und1.de,Des Moines,Iowa,United States
457,Lizabeth,Bennallck,lbennallckco@sbwire.com,Shawnee Mission,Kansas,United States
458,Janos,McKinlay,jmckinlaycp@phpbb.com,Richmond,Virginia,United States
459,Dicky,Katte,dkattecq@redcross.org,Orlando,Florida,United States
460,Tobie,Playden,tplaydencr@state.tx.us,Sacramento,California,United States
461,Mada,Ratnege,mratnegecs@etsy.com,Boston,Massachusetts,United States
462,Seamus,Olliver,solliverct@timesonline.co.uk,New Haven,Connecticut,United States
463,Danette,Berfoot,dberfootcu@pen.io,Chicago,Illinois,United States
464,Meagan,Ramsey,mramseycv@g.co,Saint Louis,Missouri,United States
465,Julietta,Mahaddy,jmahaddycw@ycombinator.com,Boston,Massachusetts,United States
466,Leone,Gwinnel,lgwinnelcx@dropbox.com,Sacramento,California,United States
467,Katinka,Blackhurst,kblackhurstcy@upenn.edu,Baton Rouge,Louisiana,United States
468,Rudd,Pinchbeck,rpinchbeckcz@bing.com,Boise,Idaho,United States
469,Neils,Skates,nskatesd0@marriott.com,Columbia,South Carolina,United States
470,Mason,Pollak,mpollakd1@google.com.au,Portland,Oregon,United States
471,Jerrilee,Ojeda,jojedad2@ning.com,Miami,Florida,United States
472,Xever,Evens,xevensd3@oakley.com,Portland,Oregon,United States
473,Serene,Ogger,soggerd4@freewebs.com,Dayton,Ohio,United States
474,Terri,Chmiel,tchmield5@abc.net.au,Lubbock,Texas,United States
475,Paquito,Thome,pthomed6@deliciousdays.com,East Saint Louis,Illinois,United States
476,Tobias,Minichi,tminichid7@ning.com,Ann Arbor,Michigan,United States
477,Celesta,Clingoe,cclingoed8@ebay.co.uk,Waco,Texas,United States
478,Valle,Kemston,vkemstond9@ustream.tv,Lakewood,Washington,United States
479,Carolann,Dearden,cdeardenda@simplemachines.org,San Diego,California,United States
480,Ted,Golagley,tgolagleydb@yandex.ru,Annapolis,Maryland,United States
481,Raviv,MacAlees,rmacaleesdc@creativecommons.org,Madison,Wisconsin,United States
482,Florentia,Warrell,fwarrelldd@unesco.org,Tulsa,Oklahoma,United States
483,Loria,Riddiford,lriddifordde@nyu.edu,Dallas,Texas,United States
484,Juli,Ellgood,jellgooddf@businessinsider.com,Topeka,Kansas,United States
485,Chryste,Checci,ccheccidg@github.com,Sioux City,Iowa,United States
486,Lyndy,Mockford,lmockforddh@npr.org,Saint Louis,Missouri,United States
487,Stacy,Giraux,sgirauxdi@instagram.com,El Paso,Texas,United States
488,Steve,Premble,sprembledj@baidu.com,Minneapolis,Minnesota,United States
489,Nicolas,Cady,ncadydk@parallels.com,Beaufort,South Carolina,United States
490,Galen,Sibborn,gsibborndl@smugmug.com,El Paso,Texas,United States
491,Zacharie,Ardron,zardrondm@narod.ru,Tallahassee,Florida,United States
492,Meggy,Vogeler,mvogelerdn@auda.org.au,San Francisco,California,United States
493,Miran,Johnston,mjohnstondo@cbc.ca,Chicago,Illinois,United States
494,Waldemar,Gillie,wgilliedp@shareasale.com,Schaumburg,Illinois,United States
495,Lauren,Dunridge,ldunridgedq@alibaba.com,Miami,Florida,United States
496,Krystyna,Rubinowitsch,krubinowitschdr@toplist.cz,Sioux Falls,South Dakota,United States
497,Eileen,Whaplington,ewhaplingtonds@scribd.com,Philadelphia,Pennsylvania,United States
498,Vasili,Overland,voverlanddt@boston.com,Tucson,Arizona,United States
499,Louisa,Drever,ldreverdu@nih.gov,Springfield,Missouri,United States
500,Desdemona,Tatnell,dtatnelldv@sphinn.com,Portsmouth,Virginia,United States
501,Margette,Cronkshaw,mcronkshawdw@oaic.gov.au,Bloomington,Illinois,United States
502,Brandy,Hammersley,bhammersleydx@nifty.com,Orlando,Florida,United States
503,Tarah,Maffiotti,tmaffiottidy@soup.io,Bakersfield,California,United States
504,Orsa,Colt,ocoltdz@yolasite.com,Gulfport,Mississippi,United States
505,Stace,Domenichelli,sdomenichellie0@ask.com,Washington,District of Columbia,United States
506,Olin,Gatherell,ogatherelle1@cafepress.com,Glendale,California,United States
507,Deeanne,Dymott,ddymotte2@macromedia.com,Houston,Texas,United States
508,Marlane,Gabler,mgablere3@joomla.org,Schenectady,New York,United States
509,Ivett,Orgel,iorgele4@netscape.com,Denver,Colorado,United States
510,Kort,Godden,kgoddene5@sciencedaily.com,Seattle,Washington,United States
511,Ozzie,Franek,ofraneke6@hexun.com,Fullerton,California,United States
512,Gilberta,Andrus,gandruse7@va.gov,Hialeah,Florida,United States
513,Caro,Auten,cautene8@engadget.com,Lexington,Kentucky,United States
514,Lamont,Althorp,lalthorpe9@canalblog.com,Falls Church,Virginia,United States
515,Christoper,Sute,csuteea@amazonaws.com,New Orleans,Louisiana,United States
516,Tedra,Bullman,tbullmaneb@typepad.com,Manassas,Virginia,United States
517,Pris,Yurkov,pyurkovec@jimdo.com,Sioux Falls,South Dakota,United States
518,Prentice,Vasenin,pvasenined@vinaora.com,Torrance,California,United States
519,Walliw,Troy,wtroyee@bizjournals.com,Boston,Massachusetts,United States
520,Michel,Kelby,mkelbyef@woothemes.com,Cleveland,Ohio,United States
521,Lynn,Cray,lcrayeg@cbc.ca,Las Vegas,Nevada,United States
522,Trenna,Duckworth,tduckwortheh@wix.com,Riverside,California,United States
523,Harriet,Ellacombe,hellacombeei@ucsd.edu,Washington,District of Columbia,United States
524,Theobald,Selbach,tselbachej@php.net,Paterson,New Jersey,United States
525,Bucky,Lucks,blucksek@smugmug.com,Tampa,Florida,United States
526,Cecil,Halgarth,chalgarthel@soundcloud.com,Corona,California,United States
527,Yuma,Meale,ymealeem@eepurl.com,Denton,Texas,United States
528,Flem,Goathrop,fgoathropen@devhub.com,El Paso,Texas,United States
529,Sophia,Fortnum,sfortnumeo@sina.com.cn,Corpus Christi,Texas,United States
530,Frederic,Ruecastle,fruecastleep@forbes.com,Boise,Idaho,United States
531,Shandie,McCourt,smccourteq@exblog.jp,Phoenix,Arizona,United States
532,Jolee,Biscomb,jbiscomber@squidoo.com,Topeka,Kansas,United States
533,Bernarr,Bilney,bbilneyes@ocn.ne.jp,Chicago,Illinois,United States
534,Leonid,Kamenar,lkamenaret@baidu.com,Washington,District of Columbia,United States
535,Myrlene,Cleyburn,mcleyburneu@reuters.com,Stockton,California,United States
536,Mandy,Readitt,mreadittev@wunderground.com,Lake Worth,Florida,United States
537,Cass,Tomblings,ctomblingsew@blogger.com,Saint Paul,Minnesota,United States
538,Lauren,Parkyn,lparkynex@indiatimes.com,Migrate,Kentucky,United States
539,Licha,Bayley,lbayleyey@baidu.com,Levittown,Pennsylvania,United States
540,Thebault,Fronczak,tfronczakez@ameblo.jp,Oklahoma City,Oklahoma,United States
541,Oralee,Cordall,ocordallf0@cbc.ca,Colorado Springs,Colorado,United States
542,Barclay,Gorden,bgordenf1@ameblo.jp,Huntington,West Virginia,United States
543,Lyon,Nerne,lnernef2@livejournal.com,Seattle,Washington,United States
544,Osborne,Braysher,obraysherf3@networksolutions.com,Atlanta,Georgia,United States
545,Carole,Tetla,ctetlaf4@live.com,Albuquerque,New Mexico,United States
546,Richie,Sleicht,rsleichtf5@altervista.org,Alexandria,Virginia,United States
547,Dilan,Skocroft,dskocroftf6@yandex.ru,Stamford,Connecticut,United States
548,Teirtza,Duker,tdukerf7@google.pl,Columbia,South Carolina,United States
549,Andeee,Ivison,aivisonf8@ameblo.jp,Seattle,Washington,United States
550,Darcy,Lax,dlaxf9@dropbox.com,Houston,Texas,United States
551,Wini,Kleinberer,wkleinbererfa@reference.com,San Antonio,Texas,United States
552,Lionel,Arnould,larnouldfb@irs.gov,New York City,New York,United States
553,Raynard,Orford,rorfordfc@army.mil,Birmingham,Alabama,United States
554,Tate,McWhan,tmcwhanfd@marriott.com,Houston,Texas,United States
555,Sheela,Goody,sgoodyfe@ask.com,New York City,New York,United States
556,Emmey,Stendell,estendellff@is.gd,Minneapolis,Minnesota,United States
557,Francine,Airth,fairthfg@accuweather.com,San Diego,California,United States
558,Kermy,Redmire,kredmirefh@cpanel.net,Knoxville,Tennessee,United States
559,Delila,Brandone,dbrandonefi@zimbio.com,Wichita,Kansas,United States
560,Maxie,Dulanty,mdulantyfj@hao123.com,Houston,Texas,United States
561,Elinore,Ahmad,eahmadfk@odnoklassniki.ru,Pensacola,Florida,United States
562,Farrah,Wycliff,fwyclifffl@cbsnews.com,Muncie,Indiana,United States
563,Jess,Campion,jcampionfm@spotify.com,Cincinnati,Ohio,United States
564,Darby,Rigler,driglerfn@va.gov,Rochester,New York,United States
565,Alida,Ruecastle,aruecastlefo@washington.edu,New York City,New York,United States
566,Vernon,Corona,vcoronafp@ehow.com,Rochester,New York,United States
567,Colan,Safe,csafefq@ask.com,Raleigh,North Carolina,United States
568,Gaylord,Ariss,garissfr@twitpic.com,Seattle,Washington,United States
569,Gracia,Joslin,gjoslinfs@boston.com,Houston,Texas,United States
570,Jeffrey,Lenaghen,jlenaghenft@wsj.com,San Francisco,California,United States
571,Thelma,Sadat,tsadatfu@com.com,Alexandria,Louisiana,United States
572,Dede,Bentz,dbentzfv@ehow.com,Washington,District of Columbia,United States
573,Isadore,Hastie,ihastiefw@archive.org,Providence,Rhode Island,United States
574,Dusty,Cartmill,dcartmillfx@mysql.com,Fayetteville,North Carolina,United States
575,Katina,Lubomirski,klubomirskify@jiathis.com,Palmdale,California,United States
576,Donnie,Gress,dgressfz@github.io,Springfield,Massachusetts,United States
577,Ranee,Gething,rgethingg0@jimdo.com,Honolulu,Hawaii,United States
578,Corty,McKitterick,cmckitterickg1@netlog.com,Englewood,Colorado,United States
579,Inge,Tunstall,itunstallg2@umn.edu,Newark,Delaware,United States
580,Jody,Phear,jphearg3@etsy.com,Pittsburgh,Pennsylvania,United States
581,Willie,Roostan,wroostang4@bbb.org,Buffalo,New York,United States
582,Ciel,Genese,cgeneseg5@freewebs.com,Pittsburgh,Pennsylvania,United States
583,Gerhardine,Coldwell,gcoldwellg6@wix.com,Norfolk,Virginia,United States
584,Penny,Gleader,pgleaderg7@creativecommons.org,Atlanta,Georgia,United States
585,Nikolaus,Nockles,nnocklesg8@blinklist.com,Boca Raton,Florida,United States
586,Ardenia,Paramore,aparamoreg9@cnet.com,Houston,Texas,United States
587,Avery,Ludlem,aludlemga@foxnews.com,West Palm Beach,Florida,United States
588,Law,Knowlden,lknowldengb@senate.gov,Aurora,Colorado,United States
589,Charil,Rabjohn,crabjohngc@ftc.gov,Montgomery,Alabama,United States
590,Giffer,Botterell,gbotterellgd@washington.edu,Louisville,Kentucky,United States
591,Heather,Laurisch,hlaurischge@desdev.cn,Joliet,Illinois,United States
592,Berry,Illiston,billistongf@pinterest.com,Spokane,Washington,United States
593,Remus,Anton,rantongg@mysql.com,Gaithersburg,Maryland,United States
594,Nelle,Decent,ndecentgh@washingtonpost.com,Jacksonville,Florida,United States
595,Sioux,Mocquer,smocquergi@tuttocitta.it,Fargo,North Dakota,United States
596,Arlin,Korneluk,akornelukgj@go.com,Albany,New York,United States
597,Jade,Mincini,jmincinigk@cloudflare.com,Orlando,Florida,United States
598,Murray,Fiddeman,mfiddemangl@tinypic.com,Columbia,South Carolina,United States
599,Forbes,Rivaland,frivalandgm@t-online.de,Riverside,California,United States
600,Winnifred,Franzelini,wfranzelinign@economist.com,Crawfordsville,Indiana,United States
601,Fulton,Simeonov,fsimeonovgo@jugem.jp,San Jose,California,United States
602,Patsy,Pucker,ppuckergp@artisteer.com,Oakland,California,United States
603,Kevan,Tolworth,ktolworthgq@theglobeandmail.com,Saginaw,Michigan,United States
604,Corbie,Komorowski,ckomorowskigr@foxnews.com,New York City,New York,United States
605,Norry,Firby,nfirbygs@bloglines.com,San Antonio,Texas,United States
606,Gale,Minelli,gminelligt@ycombinator.com,Lubbock,Texas,United States
607,Skipp,Dempsey,sdempseygu@sitemeter.com,Boston,Massachusetts,United States
608,Garner,Swaile,gswailegv@desdev.cn,Littleton,Colorado,United States
609,Page,Tupie,ptupiegw@deliciousdays.com,Peoria,Arizona,United States
610,Bertrand,Bromley,bbromleygx@uiuc.edu,Melbourne,Florida,United States
611,Merell,Undrill,mundrillgy@fotki.com,Springfield,Illinois,United States
612,Cristian,Yesson,cyessongz@google.cn,Miami,Florida,United States
613,Gardiner,Berndtssen,gberndtssenh0@webeden.co.uk,Brooksville,Florida,United States
614,Kerri,Crut,kcruth1@amazon.co.jp,Scottsdale,Arizona,United States
615,Zea,Muggleton,zmuggletonh2@elegantthemes.com,Wichita,Kansas,United States
616,Yorke,Emslie,yemslieh3@over-blog.com,Chattanooga,Tennessee,United States
617,Darline,Faircley,dfaircleyh4@w3.org,Denver,Colorado,United States
618,Marinna,Braidon,mbraidonh5@google.pl,Des Moines,Iowa,United States
619,Chanda,Wedgbrow,cwedgbrowh6@livejournal.com,Gulfport,Mississippi,United States
620,Kipp,Fuster,kfusterh7@weebly.com,Tucson,Arizona,United States
621,Gert,Lakes,glakesh8@mail.ru,Gatesville,Texas,United States
622,Timofei,Lanchester,tlanchesterh9@diigo.com,Omaha,Nebraska,United States
623,Bren,Weetch,bweetchha@tumblr.com,Sacramento,California,United States
624,Lincoln,Seebright,lseebrighthb@51.la,Atlanta,Georgia,United States
625,Ripley,Pinare,rpinarehc@nifty.com,Duluth,Minnesota,United States
626,Jennine,Berford,jberfordhd@gravatar.com,San Diego,California,United States
627,L;urette,Pyke,lpykehe@prnewswire.com,Louisville,Kentucky,United States
628,Amata,Telfer,atelferhf@pagesperso-orange.fr,Buffalo,New York,United States
629,Saundra,Barrick,sbarrickhg@printfriendly.com,Corona,California,United States
630,Tome,Endean,tendeanhh@kickstarter.com,Portsmouth,New Hampshire,United States
631,Rawley,Collabine,rcollabinehi@hubpages.com,Cleveland,Ohio,United States
632,Felicia,Edsell,fedsellhj@accuweather.com,Hollywood,Florida,United States
633,Gerrie,Pecey,gpeceyhk@craigslist.org,Milwaukee,Wisconsin,United States
634,Kerri,Barnfather,kbarnfatherhl@ox.ac.uk,Huntington,West Virginia,United States
635,Marylee,Gallimore,mgallimorehm@cargocollective.com,Berkeley,California,United States
636,Nichol,Hadwen,nhadwenhn@shareasale.com,Wichita Falls,Texas,United States
637,Cristie,McAllister,cmcallisterho@nbcnews.com,Trenton,New Jersey,United States
638,Garnette,Frushard,gfrushardhp@cdc.gov,Spring,Texas,United States
639,Gustave,Hume,ghumehq@vimeo.com,Houston,Texas,United States
640,Alyson,Parradine,aparradinehr@oaic.gov.au,Pittsburgh,Pennsylvania,United States
641,Raine,Forrestall,rforrestallhs@mapquest.com,Independence,Missouri,United States
642,Shelia,Aked,sakedht@sourceforge.net,Miami,Florida,United States
643,Giorgio,Rawstorn,grawstornhu@flavors.me,Pittsburgh,Pennsylvania,United States
644,Othella,Wrench,owrenchhv@scientificamerican.com,Nashville,Tennessee,United States
645,Rafa,Cawthery,rcawtheryhw@nature.com,Tucson,Arizona,United States
646,Delcine,Stannis,dstannishx@pinterest.com,Irving,Texas,United States
647,Robby,Blamire,rblamirehy@seattletimes.com,Spring Hill,Florida,United States
648,Jarib,Littrick,jlittrickhz@sun.com,Huntington,West Virginia,United States
649,Carol,Cawsby,ccawsbyi0@rambler.ru,Savannah,Georgia,United States
650,Engracia,Cranstoun,ecranstouni1@sogou.com,Salt Lake City,Utah,United States
651,Idalia,Basili,ibasilii2@sogou.com,Edmond,Oklahoma,United States
652,Ario,Raper,araperi3@pen.io,Santa Cruz,California,United States
653,Emlynn,Donke,edonkei4@irs.gov,Young America,Minnesota,United States
654,Euphemia,Liepins,eliepinsi5@acquirethisname.com,Boston,Massachusetts,United States
655,Grant,Mildenhall,gmildenhalli6@discovery.com,Roanoke,Virginia,United States
656,Gerry,Algore,galgorei7@dagondesign.com,Washington,District of Columbia,United States
657,Julietta,Fenimore,jfenimorei8@geocities.jp,Washington,District of Columbia,United States
658,Alverta,Bergin,abergini9@fema.gov,Merrifield,Virginia,United States
659,Steffi,Tyt,stytia@netlog.com,Washington,District of Columbia,United States
660,Joanie,Upwood,jupwoodib@amazon.com,Lexington,Kentucky,United States
661,Pet,Deards,pdeardsic@abc.net.au,Brockton,Massachusetts,United States
662,Karlan,Galfour,kgalfourid@phpbb.com,Santa Barbara,California,United States
663,Christophorus,Aberhart,caberhartie@amazon.com,Lubbock,Texas,United States
664,Fitzgerald,Dallaway,fdallawayif@wikimedia.org,Worcester,Massachusetts,United States
665,Libbey,Endecott,lendecottig@sciencedirect.com,San Francisco,California,United States
666,Finn,Olsson,folssonih@statcounter.com,Houston,Texas,United States
667,Willy,Orriss,worrissii@altervista.org,Syracuse,New York,United States
668,Angil,Elegood,aelegoodij@msn.com,Houston,Texas,United States
669,Yetty,Dunbar,ydunbarik@mapquest.com,Des Moines,Iowa,United States
670,Murdock,Denson,mdensonil@tumblr.com,Greensboro,North Carolina,United States
671,Hendrika,MacKegg,hmackeggim@google.com.hk,Washington,District of Columbia,United States
672,Benjy,McCane,bmccanein@businessinsider.com,New York City,New York,United States
673,Reena,Reynolds,rreynoldsio@godaddy.com,Tampa,Florida,United States
674,Dulce,McCraw,dmccrawip@ning.com,Huntington,West Virginia,United States
675,Kristofor,McPharlain,kmcpharlainiq@bloglovin.com,Charlotte,North Carolina,United States
676,Kat,Pigot,kpigotir@shinystat.com,Greenville,South Carolina,United States
677,Alica,Bere,abereis@cnn.com,Virginia Beach,Virginia,United States
678,Caressa,Roxburgh,croxburghit@nyu.edu,Saint Petersburg,Florida,United States
679,Hannie,Strover,hstroveriu@ed.gov,New York City,New York,United States
680,Omar,Lowen,oloweniv@cam.ac.uk,Charlotte,North Carolina,United States
681,Riannon,Watters,rwattersiw@artisteer.com,Baton Rouge,Louisiana,United States
682,Merle,Sargeant,msargeantix@abc.net.au,Milwaukee,Wisconsin,United States
683,Goldi,Wither,gwitheriy@ocn.ne.jp,Milwaukee,Wisconsin,United States
684,Cooper,Sheppard,csheppardiz@sciencedirect.com,Worcester,Massachusetts,United States
685,Tirrell,Northin,tnorthinj0@eepurl.com,Lexington,Kentucky,United States
686,Farrah,Glaister,fglaisterj1@bloglovin.com,Charlotte,North Carolina,United States
687,Stanly,Butterfill,sbutterfillj2@bandcamp.com,Whittier,California,United States
688,Kerri,Bottomley,kbottomleyj3@amazonaws.com,Glendale,Arizona,United States
689,Madison,Tassell,mtassellj4@usda.gov,Alpharetta,Georgia,United States
690,Kevan,Mordanti,kmordantij5@g.co,Lexington,Kentucky,United States
691,Dallas,Romans,dromansj6@ning.com,Toledo,Ohio,United States
692,Gaylor,Bagniuk,gbagniukj7@ucoz.ru,Lexington,Kentucky,United States
693,Ermina,Laxtonne,elaxtonnej8@nifty.com,Memphis,Tennessee,United States
694,Dacy,Smewings,dsmewingsj9@photobucket.com,Louisville,Kentucky,United States
695,Angie,De Domenici,adedomenicija@domainmarket.com,San Rafael,California,United States
696,Ellene,Jagg,ejaggjb@imgur.com,Silver Spring,Maryland,United States
697,Daryl,Jon,djonjc@blogs.com,Albany,New York,United States
698,Milt,Farnan,mfarnanjd@opera.com,Savannah,Georgia,United States
699,Lindsey,Chilcott,lchilcottje@europa.eu,Lakeland,Florida,United States
700,Charin,Cambridge,ccambridgejf@si.edu,Saint Louis,Missouri,United States
701,Rita,Sales,rsalesjg@techcrunch.com,Asheville,North Carolina,United States
702,Gordon,Starrs,gstarrsjh@google.de,Richmond,Virginia,United States
703,Star,Ramsdell,sramsdellji@ow.ly,Amarillo,Texas,United States
704,Goraud,Mustchin,gmustchinjj@multiply.com,Peoria,Illinois,United States
705,Sarajane,McGonigle,smcgoniglejk@oakley.com,Iowa City,Iowa,United States
706,Esdras,Van Der Weedenburg,evanderweedenburgjl@ameblo.jp,Norfolk,Virginia,United States
707,Faustina,Twaits,ftwaitsjm@flavors.me,Elizabeth,New Jersey,United States
708,Elvera,Wivell,ewivelljn@netlog.com,Los Angeles,California,United States
709,Filmore,Fransman,ffransmanjo@multiply.com,Montgomery,Alabama,United States
710,Marietta,Neild,mneildjp@reverbnation.com,Brooklyn,New York,United States
711,Georgianna,Woodwind,gwoodwindjq@clickbank.net,Beaumont,Texas,United States
712,Vladamir,Double,vdoublejr@tripadvisor.com,Topeka,Kansas,United States
713,Justino,Hearty,jheartyjs@yahoo.com,New York City,New York,United States
714,Charlton,Giacobo,cgiacobojt@wikimedia.org,Miami,Florida,United States
715,Oriana,Thirkettle,othirkettleju@xinhuanet.com,Ogden,Utah,United States
716,Richmound,Ferier,rferierjv@seesaa.net,Young America,Minnesota,United States
717,Zita,Fey,zfeyjw@youku.com,Mobile,Alabama,United States
718,Lura,Davall,ldavalljx@infoseek.co.jp,Berkeley,California,United States
719,Kelwin,Umpleby,kumplebyjy@themeforest.net,Charlotte,North Carolina,United States
720,Reece,Dilworth,rdilworthjz@ftc.gov,Portsmouth,New Hampshire,United States
721,Tate,Hehir,thehirk0@cam.ac.uk,Columbia,Missouri,United States
722,Inna,Cammocke,icammockek1@canalblog.com,Bloomington,Illinois,United States
723,Jareb,Hartwright,jhartwrightk2@elpais.com,Bradenton,Florida,United States
724,Derril,McCroary,dmccroaryk3@wired.com,Kalamazoo,Michigan,United States
725,Jaquelyn,Denisyev,jdenisyevk4@netscape.com,Colorado Springs,Colorado,United States
726,Tristam,Pittle,tpittlek5@sourceforge.net,Newport News,Virginia,United States
727,Fay,Hindrich,fhindrichk6@miibeian.gov.cn,Troy,Michigan,United States
728,Zonda,Helkin,zhelkink7@shop-pro.jp,Dayton,Ohio,United States
729,Martynne,Ellesworth,mellesworthk8@stanford.edu,Decatur,Georgia,United States
730,Alice,Wackley,awackleyk9@hc360.com,Bloomington,Indiana,United States
731,Jabez,Agerskow,jagerskowka@globo.com,Minneapolis,Minnesota,United States
732,Glenn,Arnley,garnleykb@youtube.com,Cincinnati,Ohio,United States
733,Johna,Manderson,jmandersonkc@forbes.com,Rochester,New York,United States
734,Dona,Peascod,dpeascodkd@scientificamerican.com,Greensboro,North Carolina,United States
735,Gray,Woehler,gwoehlerke@github.com,Kansas City,Missouri,United States
736,Brantley,Prise,bprisekf@soup.io,Brooklyn,New York,United States
737,Wait,Lambal,wlambalkg@desdev.cn,El Paso,Texas,United States
738,Cristal,De Normanville,cdenormanvillekh@squarespace.com,Decatur,Georgia,United States
739,Garner,Duplock,gduplockki@list-manage.com,Torrance,California,United States
740,Cobbie,Burfield,cburfieldkj@tinyurl.com,Maple Plain,Minnesota,United States
741,Willard,Coultish,wcoultishkk@alibaba.com,Birmingham,Alabama,United States
742,Michel,Ceaser,mceaserkl@wikia.com,Tacoma,Washington,United States
743,Alley,Casone,acasonekm@parallels.com,Tampa,Florida,United States
744,Isabelita,Myrie,imyriekn@pinterest.com,Washington,District of Columbia,United States
745,Janaye,Pren,jprenko@disqus.com,Miami,Florida,United States
746,Glennis,Kordova,gkordovakp@kickstarter.com,Buffalo,New York,United States
747,Nye,Bucham,nbuchamkq@123-reg.co.uk,Roanoke,Virginia,United States
748,Dionisio,McKue,dmckuekr@fastcompany.com,Jamaica,New York,United States
749,Raeann,Jantot,rjantotks@biglobe.ne.jp,Richmond,Virginia,United States
750,Freddie,Yesipov,fyesipovkt@microsoft.com,Little Rock,Arkansas,United States
751,Keelia,Barthram,kbarthramku@utexas.edu,Dallas,Texas,United States
752,Yolanthe,Kruszelnicki,ykruszelnickikv@naver.com,San Antonio,Texas,United States
753,Neile,Kneller,nknellerkw@wix.com,Syracuse,New York,United States
754,Edlin,Harm,eharmkx@ted.com,Boulder,Colorado,United States
755,Elka,Steadman,esteadmanky@dion.ne.jp,Shreveport,Louisiana,United States
756,Jana,Maylour,jmaylourkz@whitehouse.gov,Shawnee Mission,Kansas,United States
757,Kale,Lockyer,klockyerl0@gmpg.org,Miami Beach,Florida,United States
758,Ellswerth,Roust,eroustl1@themeforest.net,Irvine,California,United States
759,Verna,Musk,vmuskl2@weather.com,Apache Junction,Arizona,United States
760,Dawn,Pawel,dpawell3@facebook.com,Loretto,Minnesota,United States
761,Goldy,Piscot,gpiscotl4@archive.org,Washington,District of Columbia,United States
762,Brigid,Mardell,bmardelll5@myspace.com,Charlottesville,Virginia,United States
763,Trevar,Matthews,tmatthewsl6@bloglines.com,Van Nuys,California,United States
764,Gayle,McGeachy,gmcgeachyl7@ftc.gov,Fayetteville,North Carolina,United States
765,Pamelina,Camus,pcamusl8@cmu.edu,Washington,District of Columbia,United States
766,Buckie,Alexsandrov,balexsandrovl9@pagesperso-orange.fr,Pasadena,California,United States
767,Berty,Ivanishev,bivanishevla@e-recht24.de,Fayetteville,North Carolina,United States
768,Barbi,Allewell,ballewelllb@zdnet.com,Peoria,Illinois,United States
769,Christabel,Scoggan,cscogganlc@smugmug.com,Lubbock,Texas,United States
770,Gale,Dowling,gdowlingld@va.gov,Topeka,Kansas,United States
771,Sutherland,Bubb,sbubble@over-blog.com,Beaumont,Texas,United States
772,Eleen,Cutts,ecuttslf@deliciousdays.com,Young America,Minnesota,United States
773,Barnebas,Haskayne,bhaskaynelg@photobucket.com,Memphis,Tennessee,United States
774,Leora,Woolmer,lwoolmerlh@about.me,Houston,Texas,United States
775,Farra,Leward,flewardli@gnu.org,Tallahassee,Florida,United States
776,Karil,Fawssett,kfawssettlj@mlb.com,Dallas,Texas,United States
777,Julian,Pickton,jpicktonlk@symantec.com,San Francisco,California,United States
778,Hamil,Ferencz,hferenczll@fema.gov,Cincinnati,Ohio,United States
779,Taite,Anyon,tanyonlm@spotify.com,Roanoke,Virginia,United States
780,Tobey,Lyster,tlysterln@vk.com,Los Angeles,California,United States
781,Elnar,Darlaston,edarlastonlo@google.nl,Temple,Texas,United States
782,Selena,Lepper,slepperlp@mediafire.com,Jacksonville,Florida,United States
783,Herculie,Phant,hphantlq@alexa.com,South Bend,Indiana,United States
784,Karlen,Kleimt,kkleimtlr@arizona.edu,Charleston,South Carolina,United States
785,Lawrence,Gosselin,lgosselinls@boston.com,Washington,District of Columbia,United States
786,Hynda,Skipperbottom,hskipperbottomlt@squidoo.com,Los Angeles,California,United States
787,Catherin,Probbings,cprobbingslu@seesaa.net,Tucson,Arizona,United States
788,Galvin,Eardley,geardleylv@google.it,Boston,Massachusetts,United States
789,Maye,Bleasby,mbleasbylw@barnesandnoble.com,San Antonio,Texas,United States
790,Kristin,Marchington,kmarchingtonlx@flickr.com,South Bend,Indiana,United States
791,Robby,Litchmore,rlitchmorely@tuttocitta.it,New Orleans,Louisiana,United States
792,El,MacTague,emactaguelz@uol.com.br,Rockford,Illinois,United States
793,Emilia,Mathely,emathelym0@drupal.org,Richmond,Virginia,United States
794,April,Stirtle,astirtlem1@vistaprint.com,Dayton,Ohio,United States
795,Ashlee,Willsmore,awillsmorem2@tinypic.com,Seminole,Florida,United States
796,Care,Fatharly,cfatharlym3@goodreads.com,Macon,Georgia,United States
797,Carol-jean,O'Donohue,codonohuem4@nasa.gov,Miami,Florida,United States
798,Brand,Costain,bcostainm5@rakuten.co.jp,Kansas City,Missouri,United States
799,Sibyl,Amesbury,samesburym6@seattletimes.com,Lima,Ohio,United States
800,Craggy,Pettwood,cpettwoodm7@linkedin.com,Dallas,Texas,United States
801,Erica,Pannett,epannettm8@bluehost.com,Seattle,Washington,United States
802,Erda,McAlindon,emcalindonm9@icio.us,Columbia,South Carolina,United States
803,Lanae,Perico,lpericoma@thetimes.co.uk,Brockton,Massachusetts,United States
804,Nickey,Telling,ntellingmb@hud.gov,Honolulu,Hawaii,United States
805,Stormy,Ison,sisonmc@ed.gov,Berkeley,California,United States
806,Humberto,Paul,hpaulmd@flavors.me,Lexington,Kentucky,United States
807,Pamela,Bramsen,pbramsenme@livejournal.com,Levittown,Pennsylvania,United States
808,Sheree,Crookshanks,scrookshanksmf@mac.com,Denton,Texas,United States
809,Dick,Theakston,dtheakstonmg@issuu.com,Cape Coral,Florida,United States
810,Gerome,Sawney,gsawneymh@nhs.uk,Lincoln,Nebraska,United States
811,Willi,Dundon,wdundonmi@yandex.ru,Aurora,Colorado,United States
812,Beniamino,Abilowitz,babilowitzmj@oracle.com,Silver Spring,Maryland,United States
813,Brittney,Jahns,bjahnsmk@cbslocal.com,New Orleans,Louisiana,United States
814,Roxane,Mudge,rmudgeml@w3.org,Bloomington,Illinois,United States
815,Thomas,Courtonne,tcourtonnemm@earthlink.net,Birmingham,Alabama,United States
816,Roderic,Nathan,rnathanmn@goodreads.com,Springfield,Illinois,United States
817,Jillana,Ossulton,jossultonmo@harvard.edu,Phoenix,Arizona,United States
818,Marlena,Drance,mdrancemp@unicef.org,Baton Rouge,Louisiana,United States
819,Phyllis,Hoofe,phoofemq@ebay.com,El Paso,Texas,United States
820,Dorothy,La Padula,dlapadulamr@cbsnews.com,Reno,Nevada,United States
821,Winni,Mattea,wmatteams@fda.gov,Sioux Falls,South Dakota,United States
822,Franky,Reason,freasonmt@howstuffworks.com,Charlotte,North Carolina,United States
823,Lane,Napper,lnappermu@vk.com,Anaheim,California,United States
824,Fairlie,Henworth,fhenworthmv@nature.com,Las Vegas,Nevada,United States
825,Antonetta,Pagin,apaginmw@skyrock.com,Washington,District of Columbia,United States
826,Natty,Verma,nvermamx@webs.com,Salt Lake City,Utah,United States
827,Vivienne,Meake,vmeakemy@slashdot.org,Saint Augustine,Florida,United States
828,Branden,Cabena,bcabenamz@auda.org.au,Topeka,Kansas,United States
829,Farra,Domingues,fdominguesn0@japanpost.jp,Saint Louis,Missouri,United States
830,Manon,Castagnasso,mcastagnasson1@mapquest.com,New York City,New York,United States
831,Gris,Crunkhurn,gcrunkhurnn2@independent.co.uk,El Paso,Texas,United States
832,Tobe,Lydford,tlydfordn3@nbcnews.com,Huntsville,Alabama,United States
833,Stearne,Avramovich,savramovichn4@fotki.com,Washington,District of Columbia,United States
834,Coraline,Riepl,criepln5@yellowpages.com,Oklahoma City,Oklahoma,United States
835,Garvey,Du Fray,gdufrayn6@globo.com,Newton,Massachusetts,United States
836,Coralyn,Thickens,cthickensn7@sun.com,Phoenix,Arizona,United States
837,Lay,Shapiro,lshapiron8@china.com.cn,Reno,Nevada,United States
838,Annalee,Hendrich,ahendrichn9@uiuc.edu,Louisville,Kentucky,United States
839,Marje,Blankley,mblankleyna@bbb.org,Saint Paul,Minnesota,United States
840,Sisile,Hadden,shaddennb@simplemachines.org,Brockton,Massachusetts,United States
841,Rory,Scourfield,rscourfieldnc@4shared.com,Richmond,Virginia,United States
842,Ailey,Eseler,aeselernd@github.com,Atlanta,Georgia,United States
843,Sande,Hexham,shexhamne@e-recht24.de,Brea,California,United States
844,Garrott,Fydo,gfydonf@hc360.com,Flint,Michigan,United States
845,Tybalt,Baribal,tbaribalng@google.nl,Jersey City,New Jersey,United States
846,Horatio,Marikhin,hmarikhinnh@freewebs.com,Springfield,Missouri,United States
847,Aharon,Halbord,ahalbordni@redcross.org,Portland,Oregon,United States
848,Sax,Aherne,sahernenj@123-reg.co.uk,Norfolk,Virginia,United States
849,Giusto,Winckle,gwincklenk@ustream.tv,Irvine,California,United States
850,Mattias,Asson,massonnl@google.co.uk,Memphis,Tennessee,United States
851,Jenifer,Tante,jtantenm@is.gd,Kansas City,Missouri,United States
852,Cale,Stockney,cstockneynn@newyorker.com,Gainesville,Georgia,United States
853,Elihu,Grima,egrimano@businessinsider.com,Reno,Nevada,United States
854,Bobbie,Brenton,bbrentonnp@g.co,Riverside,California,United States
855,Gran,Klimpt,gklimptnq@wikia.com,Hicksville,New York,United States
856,Theresita,Basile,tbasilenr@tmall.com,Indianapolis,Indiana,United States
857,Andeee,Pulsford,apulsfordns@go.com,Pueblo,Colorado,United States
858,Koral,Westmarland,kwestmarlandnt@spiegel.de,Minneapolis,Minnesota,United States
859,Ginger,Clingoe,gclingoenu@webeden.co.uk,Erie,Pennsylvania,United States
860,Vincents,Soares,vsoaresnv@newyorker.com,Santa Cruz,California,United States
861,Scarface,Glaum,sglaumnw@gizmodo.com,Portland,Oregon,United States
862,Adora,Elger,aelgernx@abc.net.au,Saint Paul,Minnesota,United States
863,Miof mela,Sheasby,msheasbyny@multiply.com,Des Moines,Iowa,United States
864,Cyndi,Lutton,cluttonnz@unblog.fr,San Rafael,California,United States
865,Richmond,Monckton,rmoncktono0@patch.com,Dallas,Texas,United States
866,Elana,Lehenmann,elehenmanno1@soup.io,Los Angeles,California,United States
867,Gunar,Bellie,gbellieo2@tiny.cc,Arlington,Virginia,United States
868,Massimiliano,Mintram,mmintramo3@tiny.cc,Worcester,Massachusetts,United States
869,Bethina,Franciotti,bfranciottio4@dot.gov,Ogden,Utah,United States
870,Ignacius,Marte,imarteo5@imgur.com,Shreveport,Louisiana,United States
871,Tedie,Wilber,twilbero6@youtube.com,Lima,Ohio,United States
872,Rudiger,Sandwich,rsandwicho7@ebay.co.uk,Arlington,Texas,United States
873,Christian,Blasoni,cblasonio8@theglobeandmail.com,Springfield,Missouri,United States
874,Adan,Deesly,adeeslyo9@xrea.com,Los Angeles,California,United States
875,Kathe,Iskowitz,kiskowitzoa@yelp.com,Phoenix,Arizona,United States
876,Marguerite,Ivshin,mivshinob@spotify.com,Toledo,Ohio,United States
877,Phyllys,De Angelis,pdeangelisoc@chicagotribune.com,Omaha,Nebraska,United States
878,Ricca,Lorans,rloransod@taobao.com,Harrisburg,Pennsylvania,United States
879,Krystyna,Barthelet,kbartheletoe@toplist.cz,Henderson,Nevada,United States
880,Darrin,Izzett,dizzettof@princeton.edu,Jefferson City,Missouri,United States
881,Mercedes,Bolley,mbolleyog@newsvine.com,Columbia,South Carolina,United States
882,Conrado,Ovize,covizeoh@wiley.com,Milwaukee,Wisconsin,United States
883,Eda,Tedstone,etedstoneoi@berkeley.edu,Omaha,Nebraska,United States
884,Shanna,Aucoate,saucoateoj@sciencedirect.com,South Bend,Indiana,United States
885,Alisha,Huffer,ahufferok@google.nl,Orange,California,United States
886,Bord,Petheridge,bpetheridgeol@engadget.com,Jacksonville,Florida,United States
887,Sandor,Rains,srainsom@europa.eu,Syracuse,New York,United States
888,Ingar,Sedger,isedgeron@jalbum.net,Saint Louis,Missouri,United States
889,Jolynn,Robertucci,jrobertuccioo@newsvine.com,Sparks,Nevada,United States
890,Johnny,Crabbe,jcrabbeop@trellian.com,Fort Wayne,Indiana,United States
891,Thorny,Barnewall,tbarnewalloq@smh.com.au,Rockville,Maryland,United States
892,Allegra,Kiffe,akiffeor@wufoo.com,Tulsa,Oklahoma,United States
893,Camila,Fryett,cfryettos@pinterest.com,Helena,Montana,United States
894,Jaine,Binnes,jbinnesot@timesonline.co.uk,Orange,California,United States
895,Doreen,Kasperski,dkasperskiou@sfgate.com,Houston,Texas,United States
896,Crissie,Roomes,croomesov@wisc.edu,Jacksonville,Florida,United States
897,Orv,Matignon,omatignonow@wired.com,Toledo,Ohio,United States
898,Patricio,Gething,pgethingox@geocities.jp,New York City,New York,United States
899,Leigh,Kerans,lkeransoy@theglobeandmail.com,Boston,Massachusetts,United States
900,Erick,Lannon,elannonoz@flavors.me,Wilmington,Delaware,United States
901,Kennett,Wethers,kwethersp0@ning.com,Amarillo,Texas,United States
902,Chevalier,Hallen,challenp1@twitter.com,Sunnyvale,California,United States
903,Aldwin,Rideout,arideoutp2@archive.org,Lakeland,Florida,United States
904,Jordon,Orwell,jorwellp3@paginegialle.it,Kansas City,Missouri,United States
905,Kelvin,Dressel,kdresselp4@wiley.com,Orlando,Florida,United States
906,Wilmette,Sizzey,wsizzeyp5@etsy.com,Tulsa,Oklahoma,United States
907,Babara,Benford,bbenfordp6@google.de,Mobile,Alabama,United States
908,Onfre,Lerigo,olerigop7@bandcamp.com,Saginaw,Michigan,United States
909,Jase,Saggers,jsaggersp8@usatoday.com,Houston,Texas,United States
910,Nickolas,O'Connell,noconnellp9@tumblr.com,Lexington,Kentucky,United States
911,Marlo,Ramble,mramblepa@ed.gov,Dayton,Ohio,United States
912,Tonye,Wernher,twernherpb@vk.com,Baltimore,Maryland,United States
913,Helena,Wallace,hwallacepc@desdev.cn,Albany,New York,United States
914,Etty,Zanini,ezaninipd@stumbleupon.com,Pompano Beach,Florida,United States
915,Sonnie,Linggood,slinggoodpe@marketwatch.com,Saint Petersburg,Florida,United States
916,Heidi,Finch,hfinchpf@blogspot.com,Pensacola,Florida,United States
917,Roger,Jobey,rjobeypg@imgur.com,Gaithersburg,Maryland,United States
918,Puff,Ubsdale,pubsdaleph@businessweek.com,Louisville,Kentucky,United States
919,Jada,Money,jmoneypi@indiatimes.com,Washington,District of Columbia,United States
920,Guillemette,Henningham,ghenninghampj@ft.com,Naples,Florida,United States
921,Margi,Arkil,markilpk@wisc.edu,Kansas City,Missouri,United States
922,Mortie,Abbey,mabbeypl@homestead.com,Washington,District of Columbia,United States
923,Allix,Trounson,atrounsonpm@cyberchimps.com,Bakersfield,California,United States
924,Leonelle,Holdey,lholdeypn@1688.com,Oklahoma City,Oklahoma,United States
925,Bran,Ayree,bayreepo@bluehost.com,Washington,District of Columbia,United States
926,Hersh,Hazlewood,hhazlewoodpp@geocities.com,New Brunswick,New Jersey,United States
927,Hilda,Ferne,hfernepq@4shared.com,El Paso,Texas,United States
928,Courtenay,Crallan,ccrallanpr@diigo.com,Charlotte,North Carolina,United States
929,Agnola,Balnave,abalnaveps@flickr.com,Las Cruces,New Mexico,United States
930,Cassey,Battrum,cbattrumpt@npr.org,Lexington,Kentucky,United States
931,Zandra,Lemm,zlemmpu@msn.com,Van Nuys,California,United States
932,Adey,Gardener,agardenerpv@yolasite.com,Saint Louis,Missouri,United States
933,Valery,Hambidge,vhambidgepw@gnu.org,Tucson,Arizona,United States
934,Leontine,Jeafferson,ljeaffersonpx@fc2.com,Ridgely,Maryland,United States
935,Gloriane,Joinson,gjoinsonpy@elpais.com,Portland,Oregon,United States
936,Cord,Andriss,candrisspz@howstuffworks.com,Houston,Texas,United States
937,Benedicta,Trendle,btrendleq0@w3.org,Chattanooga,Tennessee,United States
938,Leeann,Baines,lbainesq1@sciencedaily.com,Cheyenne,Wyoming,United States
939,Haze,Coat,hcoatq2@nifty.com,Evansville,Indiana,United States
940,Lura,Corbert,lcorbertq3@bloglovin.com,Memphis,Tennessee,United States
941,Mattheus,Pheazey,mpheazeyq4@ask.com,Oklahoma City,Oklahoma,United States
942,Mercy,Garrattley,mgarrattleyq5@nifty.com,Harrisburg,Pennsylvania,United States
943,Taryn,Vanns,tvannsq6@microsoft.com,Cumming,Georgia,United States
944,Therese,Willford,twillfordq7@ebay.co.uk,Chesapeake,Virginia,United States
945,Valida,Clerk,vclerkq8@mlb.com,Detroit,Michigan,United States
946,Llewellyn,Blazey,lblazeyq9@hatena.ne.jp,Nashville,Tennessee,United States
947,Rocky,Rex,rrexqa@salon.com,Tacoma,Washington,United States
948,Mal,Nobes,mnobesqb@hostgator.com,Gary,Indiana,United States
949,Isabelita,Toffano,itoffanoqc@meetup.com,Washington,District of Columbia,United States
950,Daria,Whitefoot,dwhitefootqd@vinaora.com,New Orleans,Louisiana,United States
951,Dniren,Derx,dderxqe@myspace.com,San Bernardino,California,United States
952,Jedidiah,Tullis,jtullisqf@freewebs.com,Charlotte,North Carolina,United States
953,Emilio,Ashling,eashlingqg@de.vu,Los Angeles,California,United States
954,Yolanda,Orleton,yorletonqh@lulu.com,Denver,Colorado,United States
955,Corie,Boynton,cboyntonqi@technorati.com,Chattanooga,Tennessee,United States
956,Bethina,Smidmoor,bsmidmoorqj@businessweek.com,Seattle,Washington,United States
957,Sheilah,Pirri,spirriqk@barnesandnoble.com,Memphis,Tennessee,United States
958,Everard,Pabelik,epabelikql@statcounter.com,Tampa,Florida,United States
959,Anjanette,D'Aubney,adaubneyqm@jugem.jp,Roanoke,Virginia,United States
960,Gustavus,Oganian,goganianqn@g.co,Spring,Texas,United States
961,Syd,Rohfsen,srohfsenqo@wufoo.com,Maple Plain,Minnesota,United States
962,Alethea,MacGruer,amacgruerqp@dot.gov,Arlington,Virginia,United States
963,Janie,Crank,jcrankqq@sfgate.com,Tampa,Florida,United States
964,Kayne,Brownlee,kbrownleeqr@wikispaces.com,Grand Rapids,Michigan,United States
965,Harwilll,Brodley,hbrodleyqs@cdc.gov,Memphis,Tennessee,United States
966,Bartholomeo,Prigmore,bprigmoreqt@mediafire.com,Detroit,Michigan,United States
967,Drucill,Eaddy,deaddyqu@cbsnews.com,Garden Grove,California,United States
968,Abbey,Whitebread,awhitebreadqv@upenn.edu,Saint Paul,Minnesota,United States
969,Hanan,Canadine,hcanadineqw@mac.com,Huntington,West Virginia,United States
970,Gracie,Kunze,gkunzeqx@amazon.com,Southfield,Michigan,United States
971,Sigrid,Clelland,sclellandqy@fema.gov,Homestead,Florida,United States
972,Jocelyn,Paute,jpauteqz@state.tx.us,Panama City,Florida,United States
973,Tonya,Sandeford,tsandefordr0@symantec.com,Frankfort,Kentucky,United States
974,Keri,McQuillan,kmcquillanr1@state.gov,Trenton,New Jersey,United States
975,Coralyn,Helliwell,chelliwellr2@eepurl.com,Lexington,Kentucky,United States
976,Roxi,Capoun,rcapounr3@statcounter.com,Colorado Springs,Colorado,United States
977,Margy,Flaherty,mflahertyr4@tinyurl.com,Brooklyn,New York,United States
978,Batholomew,Lodovichi,blodovichir5@fotki.com,Seattle,Washington,United States
979,Paton,Stinton,pstintonr6@plala.or.jp,Oakland,California,United States
980,Brigg,Coneau,bconeaur7@sakura.ne.jp,Rockville,Maryland,United States
981,Jeni,Chate,jchater8@bloglovin.com,Richmond,Virginia,United States
982,Aylmar,Van der Merwe,avandermerwer9@histats.com,Houston,Texas,United States
983,Sebastian,Dowty,sdowtyra@businessweek.com,Greenville,South Carolina,United States
984,Hercules,Stredwick,hstredwickrb@51.la,Charlotte,North Carolina,United States
985,Ginnifer,Hevner,ghevnerrc@sourceforge.net,Salt Lake City,Utah,United States
986,Alphonso,Pietsma,apietsmard@walmart.com,Omaha,Nebraska,United States
987,Nicholas,Blasius,nblasiusre@ucsd.edu,Washington,District of Columbia,United States
988,Shelton,O'Cullen,socullenrf@posterous.com,Silver Spring,Maryland,United States
989,Fae,Kenny,fkennyrg@about.com,Charlotte,North Carolina,United States
990,Charissa,Parlet,cparletrh@ebay.com,Houston,Texas,United States
991,Eugenius,Nunns,enunnsri@youku.com,Washington,District of Columbia,United States
992,Werner,Oki,wokirj@bigcartel.com,Louisville,Kentucky,United States
993,Emelia,Aylett,eaylettrk@google.nl,Wilmington,Delaware,United States
994,Alec,Cutchee,acutcheerl@vkontakte.ru,Littleton,Colorado,United States
995,Fianna,Stonhouse,fstonhouserm@wikimedia.org,Rockville,Maryland,United States
996,Filbert,Timberlake,ftimberlakern@quantcast.com,Colorado Springs,Colorado,United States
997,Cory,Palfreyman,cpalfreymanro@ycombinator.com,Arlington,Texas,United States
998,Hort,Baudts,hbaudtsrp@cmu.edu,Sunnyvale,California,United States
999,Anni,Saffle,asafflerq@jiathis.com,Detroit,Michigan,United States
1000,Brigid,Lahy,blahyrr@phpbb.com,Saint Petersburg,Florida,United States
